text,response,task_type,task_name,sentiment
I love hiking.,Hiking is a great way to get some exercise.,old,general,['positive']
"We went to the beach last weekend, and I had a great time.",That sounds like a lot of fun. I'm glad you had a good time.,old,general,['positive']
"I sold a bunch of stuff at my garage sale last weekend, which was nice to get done.",That's great! I'm so happy for you!,old,general,['positive']
It's beautiful weather today.,"Yes, it's lovely weather.",old,general,['positive']
"I just started a workout routine, and it's going well.",Good for you! How is it going?,old,general,['positive']
It's really fun going to the dog park.,We should go together some time!,old,general,['positive']
"My friend is helping me learn Spanish, and I'm learning a lot.",That's really cool! How are you finding it?,old,general,['positive']
"I got a really cheap airplane ticket for my vacation, which was helpful to save money.",That's great! I'm sure you'll have a wonderful time.,old,general,['positive']
The weather was great last weekend.,"Yes, it was! What did you do last weekend?",old,general,['positive']
My daughter typically wakes up at 7:00am for school.,"Oh that sounds early, does she have time to eat breakfast?",old,general,['neutral']
"I just joined a volunteer group, and am really enjoying it.",Why did you join a volunteer group?,old,general,['positive']
I love working in my garden.,Gardening is a great hobby!,old,general,['positive']
"Tomorrow is supposed to be warm, which I am excited about",What's the temperature supposed to be?,old,general,['positive']
"I take a run every morning, and it's been great for my health",Good for you! Where do you run?,old,general,['positive']
I have been receiving too many paper catalogs recently and I hate having to throw them out.,Oh yes it must be hard having to deal with all of that paper,old,general,['negative']
The homework for my class is due next week.,"Oh ok, it would be a good idea to get started early",old,general,['neutral']
The beach is closer to my house than the lake,Do you get to visit the beach often?,old,general,['neutral']
"I usually go out on Friday nights, but this week I'm staying home to get some more rest, which will be great for a change.",That's sounds like a good plan.,old,general,['positive']
"I've been listening to books on tape, which has been really enjoyable.",What books have you been listening to?,old,general,['positive']
There are some new shows on TV that I have been enjoying.,That's great! I'd love to watch some with you.,old,general,['positive']
"I talked with my professor about the class, and she was very helpful.",Good for you! I'm glad it went well.,old,general,['positive']
My current job is too stressful.,I'm sorry to hear your current job is difficult. Are you looking for a new one?,old,general,['negative']
"I applied for a few jobs, and am feeling hopeful","That's great, I hope you get one of them!",old,general,['positive']
My brother and I got in an argument last night.,"I'm sorry to hear that, what happened?",old,general,['negative']
I had an upset stomach last night.,I'm sorry to hear that. I hope you're feeling better now.,old,general,['negative']
I was so sick over the weekend.,That sounds terrible. I hope you're feeling better now.,old,general,['negative']
My boyfriend lost his job last week.,I'm sorry to hear that. I hope he's doing okay.,old,general,['negative']
My cat ate something and was so sick last night.,"Oh no, what did your cat eat?",old,general,['negative']
I had to take my daughter to the emergency room last week.,I'm so sorry to hear that. Is she doing better?,old,general,['negative']
I had the flu that lasted a week.,"I'm sorry to hear that, I hope you're feeling better now.",old,general,['negative']
My aunt wants to visit but I'm nervous because my house is too small to host her for a week.,That sounds really tough. I know how you feel.,old,general,['negative']
"I couldn't figure out the new computer program, despite trying for hours.","Oh no, have you tried asking someone else for help?",old,general,['negative']
My friend's mother died over the weekend.,"I'm so sorry for her loss. If there's anything I can do to help, please let me know.",old,general,['negative']
My best friend just found out she has cancer.,I'm so sorry to hear that. How are you holding up?,old,general,['negative']
"I have to move out of my apartment by the end of the week, but I am not ready at all and feeling stressed.",I hope everything works out for you. Let me know if I can help in any way.,old,general,['negative']
"My landlord just sold the unit so I get to move out early, and find a bigger place, so I'm excited.","That's awesome and sounds exciting, do you know where you want to move to? ",old,general,['positive']
"My parents are coming to visit this weekend, I'm very excited.",That's great! Are you excited to spend time with them?,old,general,['positive']
My sister just got married and I was the maid of honor.,That's wonderful! How was the wedding?,old,general,['positive']
"My brother and I used to fight a lot when we were younger, which was stressful.",Siblings often have their disagreements. Have you two become closer now?,old,general,['negative']
"I have a big family gathering next month for my grandmother's birthday, and I'm looking forward to it.",That sounds like it will be a fun celebration! How old will your grandmother be?,old,general,['positive']
"My parents are divorced and it's hard to juggle between their houses, especially on holidays.",I can imagine that can be challenging. How do you manage your time between them?,old,general,['negative']
"I have a younger brother who always copies everything I do, it's so annoying.",Younger siblings tend to look up to their older siblings. How do you feel about it?,old,general,['negative']
"My family and I love going on vacations together, I'm glad we are so close.",That's wonderful! Where is your favorite vacation spot?,old,general,['positive']
My parents always support me in everything I do.,That's fantastic! Having supportive parents is really important. What are you currently working on?,old,general,['positive']
"I have an older sister who is my best friend, I love her.",That's great to have such a close bond with your sister. What do you enjoy doing together?,old,general,['positive']
"My family has a tradition of having a game night every Friday, it's great.",That sounds like a lot of fun! What games do you usually play?,old,general,['positive']
I'm excited because I just started learning how to play the guitar.,That's awesome! Learning to play an instrument can be a lot of fun. I hope you enjoy it!,old,general,['positive']
I love going hiking in the mountains.,Hiking in the mountains is such a great way to connect with nature. I'm glad you enjoy it!,old,general,['positive']
I enjoy reading mystery novels in my spare time.,That's fantastic! Mystery novels can be so captivating. Do you have any favorite authors?,old,general,['positive']
I'm really into photography and love taking pictures of landscapes.,That's so cool! Photography is a great way to capture beautiful moments and landscapes. Do you have a favorite location to shoot?,old,general,['positive']
I'm in a good mood because I am learning how to cook different types of cuisines.,"That's awesome! Cooking is a wonderful skill to have, and trying out different cuisines can be so much fun. What's your favorite dish to cook so far?",old,general,['positive']
"I enjoy playing video games in my free time, they relax me.",That's great! Video games can be a fantastic way to unwind and have some fun. What's your favorite game at the moment?,old,general,['positive']
I always love going to art galleries and exploring different art styles.,That's wonderful! Art galleries are a great way to appreciate different art styles and discover new artists. Do you have a favorite art movement?,old,general,['positive']
I'm a huge fan of watching and analyzing movies and I have a lot of friends who also love movies.,That's amazing! Movies can be so impactful and analyzing them can give you a deeper appreciation for the art of filmmaking. What's your favorite movie genre?,old,general,['positive']
I enjoy gardening and growing my own vegetables.,That's fantastic! Gardening is a wonderful hobby that allows you to connect with nature and enjoy the fruits of your labor. What vegetables do you grow?,old,general,['positive']
"I'm really passionate about fashion and love creating unique outfits, it's been fun.","That's so cool! Fashion is a great form of self-expression, and creating unique outfits is a wonderful way to showcase your personal style. Do you follow any fashion influencers for inspiration?",old,general,['positive']
I just came back from a wonderful vacation in Hawaii.,"Oh, that sounds amazing! What was your favorite part of the trip?",old,general,['positive']
I'm excitedly planning a road trip across Europe for next summer.,"Wow, that sounds like an incredible adventure! Do you have any specific countries or cities in mind that you want to visit?",old,general,['positive']
One of my favorite things is exploring new cultures and trying different cuisines while traveling.,That's wonderful! Food is such an important part of experiencing different cultures. Do you have any favorite dishes that you've tried?,old,general,['positive']
"I had a terrible experience with lost luggage on my last trip, it was horrible!","Oh no, that must have been so frustrating! Did you eventually get your luggage back or did you have to replace everything?",old,general,['negative']
"I'm thinking of going on a cruise for my next vacation, I'm excited because it will be my first time.",That sounds like a great idea! Where are you thinking of going?,old,general,['positive']
I got upgraded to a first-class seat on my flight!,Lucky you! How was the experience of flying first class? Did you enjoy the extra comfort and amenities?,old,general,['positive']
I prefer staying in cozy bed-and-breakfasts rather than big hotels. I love meeting the hosts,That's a great preference! Bed and breakfasts often provide a more intimate and personalized experience. Have you had any memorable stays at bed-and-breakfasts?,old,general,['positive']
I usually get really bad motion sickness while traveling by boat or plane.,I can understand why! Motion sickness can be quite uncomfortable. Have you found any remedies or strategies that help alleviate the symptoms?,old,general,['negative']
I love taking long walks and exploring the local neighborhoods when I travel.,That's a fantastic way to immerse yourself in the local culture! Have you discovered any hidden gems or interesting spots during your walks?,old,general,['positive']
I had an unforgettable encounter with a wild dolphin while snorkeling in the Maldives.,"Wow, that sounds like an incredible experience! Interacting with wildlife in their natural habitat is truly special. Did you manage to capture any photos or videos of the encounter?",old,general,['positive']
I had the best time last night watching an amazing movie.,That's great! What movie did you watch?,old,general,['positive']
I can't decide which TV show to watch next.,I understand. There are so many options out there. What genre do you prefer?,old,general,['neutral']
Do you have any recommendations for a good comedy movie?,Sure! Have you seen 'The Hangover' or 'Bridesmaids'? They are both hilarious.,old,general,['neutral']
I wasted my time binge-watching an entire TV series over the weekend.,"Oh no, sometimes taking the break can be needed though! Is there something you want to do differently next weekend?",old,general,['negative']
I'm a big fan of superhero movies.,That's awesome! Who is your favorite superhero?,old,general,['neutral']
Have you seen 'Game of Thrones'?,"Yes, I have! It was intense. What did you think of it?",old,general,['neutral']
I hate horror movies. They scare me too much. But my brother made me watch one last night unfortunately,"Yes, some horror movies can be really terrifying. Sorry that you had to watch it. What movies do you like more?",old,general,['negative']
I'm trying to find time to watch a documentary about wildlife.,That sounds interesting! Documentaries can be really informative and eye-opening.,old,general,['neutral']
"I cried during the ending of the movie 'The Notebook,' I loved it so much","Oh, I can relate. 'The Notebook' is such an emotional movie.",old,general,['positive']
I'm excited for the release of the next Marvel movie.,Me too! Marvel movies are always action-packed and full of surprises.,old,general,['positive']
I tried a new recipe for lasagna and it turned out amazing!,That's fantastic! Could you share the recipe with me?,old,general,['positive']
I burned the cookies I was baking for my family.,"Oh no! It happens to the best of us. Maybe try again, they'll turn out great next time!",old,general,['negative']
"I went to a fancy restaurant and tried escargot for the first time, I loved it.","Wow, good for you for trying something new! What did it taste like?",old,general,['positive']
I made a homemade pizza with fresh ingredients and it was delicious.,That sounds amazing! Homemade pizzas are the best. What toppings did you use?,old,general,['positive']
I accidentally added too much salt to the soup I was cooking.,Oops! That's happened to me before. You can try adding a potato to absorb the excess salt.,old,general,['negative']
I went to a food festival and had a great time trying many different types of cuisines.,That sounds like a food lover's dream! Which cuisine was your favorite?,old,general,['positive']
I made a vegan cake for my friend's birthday and they loved it.,That's wonderful! It's great to see vegan options being enjoyed by everyone. Do you have the recipe?,old,general,['positive']
I tried making sushi at home for the first time and it was a disaster.,"Oh no, sushi can be tricky to make! Don't worry, with practice, you'll get better at it.",old,general,['negative']
I visited a famous bakery and tried their incredible signature dessert.,That's awesome! What was the signature dessert and did it live up to the hype?,old,general,['positive']
"I hosted a dinner party and cooked a three-course meal for my friends, it was so wholesome.",Impressive! Your friends are lucky to have you. What dishes did you prepare?,old,general,['positive']
I just finished a marathon and I'm so proud of myself!,Congratulations! That's a huge accomplishment. How do you feel?,old,general,['positive']
I tried rock climbing for the first time yesterday and it was amazing!,That's awesome! Rock climbing can be such a thrilling experience. Did you find it challenging?,old,general,['positive']
"After playing basketball for hours, I sprained my ankle. It's so painful.",I'm sorry to hear that. Sprained ankles can be really painful. Have you seen a doctor?,old,general,['negative']
"I joined a yoga class to improve my flexibility and reduce stress, which I'm happy about.",That's a great decision! Yoga is known for its benefits in flexibility and stress reduction. How are you finding the class so far?,old,general,['positive']
I love watching soccer matches and cheering for my favorite team.,That's great! Soccer matches can be so exciting. Who's your favorite team?,old,general,['positive']
I injured my shoulder while weightlifting. Now I have to take a break from the gym.,I'm sorry to hear about your injury. Taking a break and allowing your shoulder to heal is important. Have you consulted a doctor or a physiotherapist?,old,general,['negative']
I started swimming last month and it has been a great way to stay fit.,That's wonderful! Swimming is an excellent full-body workout. How often do you go swimming?,old,general,['positive']
I'm training for a triathlon and it's challenging but rewarding.,That's impressive! Training for a triathlon requires dedication and hard work. How do you balance your training with other commitments?,old,general,['positive']
I play tennis every weekend with my friends. It's a fun way to stay active.,That sounds like a lot of fun! Tennis is a great sport for staying active and socializing. Do you have any favorite tennis players?,old,general,['positive']
I started doing CrossFit and it's been challenging but I'm loving it.,That's great! CrossFit is known for its intensity and effectiveness. How has it been challenging for you?,old,general,['positive']
I went to a concert last night and it was amazing!,That's great! Who did you see and what was your favorite part?,old,general,['positive']
I can't go to the music festival this weekend because I have to work.,"Oh, that's a bummer. Maybe you can catch the next one. What kind of music do you like?",old,general,['negative']
My favorite band just released a new album and I can't stop listening to it.,That's awesome! What do you like most about their new album?,old,general,['positive']
"I'm going to a piano recital tonight, but I'm nervous about performing in front of a big audience.","I understand why you might feel nervous, but I'm sure you'll do great! Just remember to enjoy the experience.",old,general,"['positive', 'neutral', 'negative']"
I attended a jazz concert last weekend and it was so relaxing.,That sounds wonderful! Did you have a favorite performance or musician?,old,general,['positive']
I'm learning to play the guitar and it's been challenging but rewarding.,That's great to hear! How long have you been playing and what motivated you to start?,old,general,['positive']
I unfortunately missed out on buying concert tickets because they sold out within minutes.,"Oh no, that's disappointing. Keep an eye out for future concerts, sometimes tickets become available again.",old,general,['negative']
I'm excited because I am going to a music workshop next week to learn more about songwriting.,That's fantastic! Songwriting can be such a creative and fulfilling process. Where is the workshop?,old,general,['positive']
I sang in a choir performance last night and it was a lot of fun.,That's wonderful! Singing in a choir can be such a joyful experience. Did you have a favorite song?,old,general,['positive']
I'm attending a music conference next month to network with other musicians.,That's a great opportunity to connect with like-minded individuals. What are you hoping to gain from the conference?,old,general,"['positive', 'neutral']"
"I started practicing yoga, it's been great for my health.",That's great! Yoga can have many benefits for both the body and mind.,old,general,['positive']
I've been feeling stressed lately.,"I understand, stress can be tough to deal with. Have you tried any relaxation techniques?",old,general,['negative']
"I'm trying to eat healthier, and it's been working.",That's a great goal! What changes are you making to your diet?,old,general,['positive']
I injured my knee while playing sports and it hurts.,"Oh no, I'm sorry to hear that. Have you seen a doctor or physiotherapist for it?",old,general,['negative']
I'm thinking of joining a new gym and am feeling excited.,That's a great idea! It can be a good way to stay active and meet new people.,old,general,['positive']
I'm trying to get better sleep to have more energy.,Getting enough quality sleep is important for overall well-being. Have you tried any relaxation techniques or established a bedtime routine?,old,general,"['positive', 'neutral']"
I've unfortunately been feeling low on energy lately.,I understand how that can be difficult. Have you considered getting a check-up to rule out any underlying health issues?,old,general,['negative']
"I've been meditating for a few minutes every day, it's been great.",That's fantastic! Meditation can have many positive effects on mental well-being. How are you practicing it?,old,general,['positive']
I've been feeling a lot of painful tension in my neck and shoulders.,That can be tough to deal with. Have you tried any stretching exercises or considered getting a massage?,old,general,['negative']
"I'm trying to incorporate more fruits and vegetables into my meals, and it's been fun.",That's a great initiative! Fruits and vegetables are packed with nutrients and can have many health benefits.,old,general,['positive']
I went on a date last night and it was a disaster.,"Oh no, what happened? Did something go wrong?",old,general,['negative']
My best friend and I had a big fight and now we're not talking.,That's really tough. I hope you two can work things out soon.,old,general,['negative']
I just got engaged and I'm so excited!,Congratulations! That's such wonderful news. I'm really happy for you.,old,general,['positive']
I had a heart-to-heart conversation with my sibling and it brought us closer.,That's great to hear. Open and honest communication is so important in relationships.,old,general,['positive']
My partner surprised me with a romantic weekend getaway.,"Wow, that sounds amazing! What a thoughtful gesture from your partner.",old,general,['positive']
I had a falling out with my best friend and now I feel so lonely.,I'm really sorry to hear that. Losing a close friend can be really difficult.,old,general,['negative']
I helped my sibling through a tough time and it made our bond stronger.,That's wonderful. Helping each other during tough times can really strengthen relationships.,old,general,['positive']
I had a misunderstanding with my partner and we had a long helpful conversation to resolve it.,Good for you for addressing the issue. Communication is key in resolving misunderstandings.,old,general,['positive']
My friend betrayed my trust and it's been really hard to forgive them.,Betrayal is never easy to deal with. It takes time to heal and rebuild trust.,old,general,['negative']
I met someone new and we instantly clicked. It feels like we've known each other forever.,That's amazing! It's rare to find that instant connection with someone. Enjoy getting to know each other.,old,general,['positive']
I recently visited an art gallery and I was mesmerized by the beautiful paintings.,That sounds like a wonderful experience. Did you have a favorite painting?,old,general,['positive']
I attended a live music concert and the atmosphere was electric.,That must have been an incredible experience. Which artist performed at the concert?,old,general,['positive']
I'm thinking of taking up photography as a hobby to get closer with my brother.,That's a fantastic idea! Photography can be a great way to express your creativity. What type of subjects do you plan to capture?,old,general,"['positive', 'neutral']"
I recently watched a documentary about famous painters and it was very inspiring.,Documentaries can be a great source of inspiration. Which painter did the documentary focus on?,old,general,['positive']
I attended a pottery workshop and had so much fun creating my own ceramic piece.,That's amazing! Pottery can be a therapeutic and creative activity. What type of ceramic piece did you make?,old,general,['positive']
I visited an art museum and was fascinated by the sculptures on display.,Art museums can be a treasure trove of beautiful sculptures. Which sculpture caught your attention the most?,old,general,['positive']
I participated in a street art workshop and learned some amazing graffiti techniques.,That's so cool! Street art can be a unique and expressive form of art. What kind of graffiti techniques did you learn?,old,general,['positive']
I went to a theater performance and was blown away by the incredible acting skills of the cast.,That's fantastic! Live theater can be a captivating experience. Which play did you watch?,old,general,['positive']
I recently started writing poetry and it has become a therapeutic outlet for me.,That's wonderful! Poetry can be a beautiful way to express emotions. Do you have a favorite poem that you've written?,old,general,['positive']
"I'm planning to visit an art fair this weekend to see the works of different artists, I;m excited.",That's exciting! Art fairs are a great way to discover new artists and their creations. Are there any particular artists you're looking forward to seeing?,old,general,['positive']
I went hiking in the mountains last weekend and saw the most beautiful waterfall.,"Wow, that sounds amazing! I love exploring nature and discovering hidden gems like waterfalls.",old,general,['postiive']
I planted a tree in my backyard and can't wait to see it grow.,That's awesome! Planting trees is a great way to contribute to the environment and create a greener space around you.,old,general,['positive']
I visited a national park and witnessed a breathtaking sunset.,"Oh, I can only imagine how stunning that must have been! National parks offer some of the most picturesque views, especially during sunset.",old,general,['positive']
I went camping near a lake and had the most peaceful experience.,That sounds so serene! Camping near a lake is a great way to escape the hustle and bustle of daily life and connect with nature.,old,general,['positive']
I saw a flock of birds migrating overhead and it was a mesmerizing sight.,How incredible! Witnessing the beauty of bird migration is truly a remarkable experience. Nature never ceases to amaze me.,old,general,['positive']
"I visited a botanical garden and was surrounded by an array of colorful flowers, it was so pretty.","Oh, I love botanical gardens! Being surrounded by vibrant flowers can be so uplifting and refreshing. It must have been a delightful visit.",old,general,['positive']
"I went on a whale-watching tour and saw several majestic whales, it was amazing.",That's incredible! Observing whales in their natural habitat is a once-in-a-lifetime experience. It must have been awe-inspiring.,old,general,['positive']
I planted a vegetable garden and just got to harvest my first batch of fresh produce.,Congratulations on your green thumb! There's nothing quite like the satisfaction of growing your own food. Enjoy the delicious harvest!,old,general,['positive']
I went snorkeling in a coral reef and saw an incredible variety of marine life.,"Oh, I'm so jealous! Exploring coral reefs and witnessing the underwater world is a dream come true. It must have been an unforgettable experience.",old,general,['positive']
I volunteered for a beach cleanup and it felt great to contribute to the environment.,That's wonderful! It's heartwarming to see people actively working to keep our beaches clean and protect marine life. Your efforts make a difference.,old,general,['positive']
I've wanted to learn how to play the piano for years.,That's awesome! Playing the piano can be a great way to express yourself. Have you started taking lessons?,old,general,"['positive', 'neutral']"
My goal is to travel the world and experiencing different cultures.,That sounds amazing! There's so much to explore and learn from different cultures. Do you have any specific destinations in mind?,old,general,"['positive', 'neutral']"
I want to start my own business and be my own boss one day.,That's a great aspiration! Being an entrepreneur can be challenging but rewarding. Do you have any business ideas in mind?,old,general,"['positive', 'neutral']"
"I've been working on improving my cooking skills, it's been going well.",That's fantastic! Cooking is a valuable skill to have. Have you tried any new recipes recently?,old,general,['positive']
"I aim to run a marathon by the end of this year, I'm feeling inspired.",That's impressive! Running a marathon requires dedication and training. Have you been following a specific training plan?,old,general,['positive']
I've always wanted to write a book and am so glad to be starting.,That's wonderful! Writing a book can be a fulfilling creative endeavor. What genre or topic are you writing about?,old,general,['positive']
I'm determined to learn a new language this year.,That's fantastic! Learning a new language opens up a whole new world of opportunities. Which language are you interested in learning?,old,general,"['positive', 'neutral']"
"I've been saving money to buy my own house, it's been fantastic.",That's great! Buying a house is a big accomplishment. How close are you to reaching your savings goal?,old,general,['positive']
I want to learn how to code and build my own website. It's a goal I'm really looking forward to,That's awesome! Coding skills are in high demand and building your own website can be a great way to showcase your work. Have you started learning any programming languages?,old,general,['positive']
"I'm determined to live a healthier lifestyle and exercise regularly, I'm proud of myself.",That's fantastic! Taking care of your health is important. Have you started incorporating any specific exercises or activities into your routine?,old,general,['positive']
"When I was a child, I used to get scared of thunderstorms.","Oh, thunderstorms can be really scary, especially for kids. How did you cope with that fear?",old,general,"['neutral', 'negative']"
"Every time I think about my childhood, I remember the fun adventures my friends and I used to have.",Those adventures must have been so exciting! Can you share one of your favorite memories?,old,general,['positive']
It makes me sad to think about how I used to get really anxious before going to school when I was young.,"Anxiety can be tough, especially for children. How did you manage to overcome that anxiety?",old,general,['negative']
My favorite childhood memory is when my family went on a road trip across the country.,Road trips are always so much fun! What was your favorite place that you visited during that trip?,old,general,['positive']
I used to get really excited when my grandparents came to visit us during the holidays.,It's always so special to spend time with grandparents. What was your favorite activity to do with them?,old,general,['positive']
I had a big fight with my best friend when we were kids.,Friendship fights can be tough. How did you eventually resolve the conflict?,old,general,['negative']
I have good memories of my family going camping in the mountains.,Camping trips are always so much fun! What was your favorite camping activity?,old,general,['positive']
I used to feel lonely when my siblings would go out to play without me.,Feeling left out can be tough. How did you find ways to keep yourself occupied during those times?,old,general,['negative']
I have fond memories of baking cookies with my mom when I was a child.,Baking cookies with loved ones is always special. What was your favorite type of cookie to bake?,old,general,['positive']
I used to get really scared of the dark when I was a child.,Fear of the dark is common for many kids. How did you overcome that fear?,old,general,"['neutral', 'negative']"
I finally graduated from college after years of hard work.,Congratulations! What was your major?,old,general,['positive']
I just completed my first marathon.,That's amazing! How did you train for it?,old,general,['positive']
I won the first prize in a national photography competition.,Wow! Your photography skills must be exceptional. Can I see your winning photo?,old,general,['positive']
I published my first book and it's receiving great reviews.,That's fantastic! What is your book about?,old,general,['positive']
I just got promoted to a managerial position at work.,Congratulations on your promotion! What are your new responsibilities?,old,general,['positive']
I successfully completed a challenging hiking trail.,That's impressive! Which trail did you conquer?,old,general,['positive']
I reached my weight loss goal and lost 20 pounds.,Well done! How did you achieve your weight loss goal?,old,general,['positive']
I received a scholarship to study abroad for a semester!,That's fantastic news! Which country are you planning to study in?,old,general,['positive']
I successfully completed a coding bootcamp and landed a job as a software engineer.,Congratulations on your achievement! Which programming languages did you learn during the bootcamp?,old,general,['positive']
I ran my first half-marathon and finished in under two hours.,That's impressive! How did you prepare for the race?,old,general,['positive']
"I just got my paycheck, I'm so excited.",That's great! Is there anything new you're excited to purchase?,old,general,['positive']
I need to pay my rent this week.,Do you have enough money saved up for it?,old,general,['neutral']
I'm thinking about investing in the stock market.,That's a great idea! Have you done any research on potential investments?,old,general,"['positive', 'neutral']"
I just received a huge tax refund.,That's awesome! How are you planning to use the money?,old,general,['positive']
I'm having trouble managing my credit card debt.,I understand. Have you considered contacting a financial advisor for guidance?,old,general,['negative']
I'm planning to buy a new car and am so excited!,That's exciting! Have you looked into different financing options?,old,general,['positive']
I just received a bonus at work.,Congratulations! How do you plan to celebrate or use the extra money?,old,general,['positive']
I'm considering opening a savings account.,That's a smart move! It can help you save for future goals. Have you looked into different banks?,old,general,"['positive', 'neutral']"
I finally just paid off my student loans.,That's a huge accomplishment! How does it feel to be debt-free?,old,general,['positive']
"I'm thinking about starting a new, exciting side business.",That's exciting! What kind of business are you considering?,old,general,['positive']
I can't wait to travel the world and see all the beautiful places.,That sounds amazing! I hope you have many unforgettable experiences.,old,general,['positive']
I dream of starting my own business one day.,That's a great goal! I wish you all the success in making your dream come true.,old,general,"['positive', 'neutral']"
I've always wanted to learn how to play a musical instrument.,That's wonderful! Music can bring so much joy and fulfillment to your life.,old,general,"['positive', 'neutral']"
My ultimate dream is to write a bestselling novel.,That's an incredible aspiration! I hope you find the inspiration to create a captivating story.,old,general,"['positive', 'neutral']"
"I've been saving up to buy my dream car, it's been a great exercise in determination",That's fantastic! I can only imagine the excitement of owning your dream car.,old,general,['positive']
"I'm planning to climb Mount Everest someday, and am feeling so inspired.","Wow, that's quite an ambitious goal! I admire your determination. Just make sure to stay safe and prepared.",old,general,['positive']
I've always dreamed of living in a beachfront house.,That sounds like paradise! I hope your dream of living by the beach becomes a reality.,old,general,"['positive', 'neutral']"
"I've recently decide to pursue a career in medicine and help people, and could not be happier.",That's a noble career choice! The world needs more compassionate and skilled healthcare professionals.,old,general,['positive']
I dream of having a big family and creating beautiful memories together.,That's a lovely dream! I hope you have a wonderful journey of building a loving and joyful family.,old,general,['positive']
"I'm planning to travel to all 7 continents in my lifetime, I can't wait!",That's an incredible goal! I hope you get to experience the diverse cultures and landscapes of each continent.,old,general,['positive']
I've been feeling really stressed out lately.,It's important to take time for self-care and find healthy ways to manage stress. Have you tried deep breathing exercises or going for a walk?,old,general,['negative']
"I can't seem to concentrate on anything, I'm so frustrated.","Lack of concentration can be frustrating. Have you tried breaking your tasks into smaller, manageable chunks or practicing mindfulness?",old,general,['negative']
I feel overwhelmed with all the responsibilities I have.,"Feeling overwhelmed is common, but remember to prioritize your tasks and ask for help if needed. It's important to take breaks and practice self-care.",old,general,['negative']
"I'm having trouble sleeping at night, it's awful.","Trouble sleeping can be tough. Have you tried establishing a bedtime routine, avoiding caffeine, or creating a calm sleep environment?",old,general,['negative']
"I feel really anxious before social events, I hate it.","Social anxiety can be challenging, but remember that many people feel the same way. Practice deep breathing and positive self-talk to manage your anxiety.",old,general,['negative']
I've been feeling down and lacking motivation lately.,Feeling down and lacking motivation can be tough. It's important to reach out to loved ones or a professional for support and find activities that bring you joy.,old,general,['negative']
I'm finding it hard to manage my time effectively.,"Time management can be challenging, but try creating a schedule, setting goals, and breaking tasks into smaller steps. Don't forget to take breaks and practice self-care.",old,general,['negative']
I'm feeling overwhelmed and burnt out at work.,"Feeling overwhelmed and burnt out is common in the workplace. It's important to communicate your needs, set boundaries, and prioritize self-care to prevent burnout.",old,general,['negative']
I'm struggling with body image issues.,Struggling with body image can be challenging. Remember that your worth is not determined by your appearance. Surround yourself with positive influences and practice self-love.,old,general,['negative']
I feel like I'm constantly comparing myself to others.,Comparing yourself to others can be harmful. Remember that everyone has their own journey and focus on your own progress and accomplishments. Practice self-compassion.,old,general,['negative']
I've been doing yoga every morning to stay fit.,That's great! Yoga is an excellent way to improve flexibility and reduce stress.,old,general,['positive']
"I signed up for a spin class at the gym, it was awesome",Spin classes are intense but really effective. You'll definitely feel the burn!,old,general,['positive']
I can't seem to find the motivation to workout lately.,It's normal to have ups and downs in motivation. Try finding a workout buddy or changing up your routine to get inspired again!,old,general,['negative']
I injured my knee while jogging yesterday.,I'm sorry to hear that. Make sure to rest and consult a doctor if the pain persists.,old,general,['negative']
I want to start weightlifting but don't know where to begin yet.,Weightlifting is a great way to build strength. You may want to consider hiring a personal trainer to guide you through proper form and technique.,old,general,"['positive', 'neutral', 'negative']"
I love going for long hikes on the weekends.,Hiking is a fantastic way to enjoy nature and get some exercise. Keep exploring those trails!,old,general,['positive']
"I've been doing HIIT workouts to maximize calorie burn, I love them.",High-Intensity Interval Training is an excellent way to burn calories and boost your metabolism. Keep up the good work!,old,general,['positive']
I find it hard to stick to a consistent workout routine.,Consistency is key when it comes to fitness. Try setting specific goals and creating a schedule to help you stay on track.,old,general,"['neutral', 'negative']"
I'm feeling excited about trying out a Zumba class.,Zumba is a fun and energetic way to get your heart rate up. Give it a go and enjoy the dance party!,old,general,['positive']
"I injured my shoulder while lifting weights, it is horrible.",I'm sorry to hear that. Make sure to rest and focus on proper form when you recover. Consider consulting a physical therapist for guidance.,old,general,['negative']
I can't stop listening to my favorite song. It's so catchy!,What's your favorite song? I'd love to give it a listen!,old,general,['positive']
I'm so tired of hearing the same songs on the radio.,I feel the same way! Do you have any recommendations for new music?,old,general,['negative']
I always love creating a playlist for road trips. It sets the mood perfectly!,That sounds like a great idea! What kind of music do you usually include in your road trip playlist?,old,general,['positive']
I'm in the mood for some relaxing music. Any suggestions?,How about trying some classical or instrumental music? It can be really soothing.,old,general,['neutral']
I really love discovering new songs and artists.,That's awesome! How do you usually discover new music? Any favorite platforms or methods?,old,general,['positive']
I enjoy listening to music while I work. It helps me concentrate.,I'm the same way! What genre or artist do you usually prefer when working?,old,general,['positive']
I love attending live concerts. The energy is incredible!,There's nothing quite like the atmosphere of a live concert. What was the best concert you've been to?,old,general,['positive']
I enjoy creating themed playlists for different occasions.,That sounds fun! What's an example of a themed playlist you've created?,old,general,['positive']
I can't get enough of this new artist I discovered. Their music is amazing!,That's great! What's the name of the artist? I'd love to check them out.,old,general,['positive']
"I just booked a trip to Paris, my favorite city in the world!",That's amazing! Paris is such a beautiful city. Are you excited?,old,general,['positive']
"I lost my passport while traveling abroad, it is so stressful.","Oh no, that's really unfortunate. Have you contacted the embassy for assistance?",old,general,['negative']
Do you have any recommendations for places to visit in Japan?,Absolutely! Japan has so much to offer. Are you interested in historical sites or natural attractions?,old,general,['neutral']
I love trying local cuisines when I travel.,That's a great way to experience the culture of a place. What's your favorite dish so far?,old,general,['positive']
I'm planning an awesome road trip across the United States.,How exciting! The US has so much to see and explore. Which states are you planning to visit?,old,general,['positive']
I had a terrible experience with lost luggage on my last trip.,"Oh no, that must have been really frustrating. Did you manage to recover your belongings?",old,general,['negative']
"I prefer traveling alone rather than with a group, I find it more relaxing.",That's understandable. Solo travel can be a great way to have more freedom and flexibility. Have you done it before?,old,general,['positive']
"I'm thinking of going on a safari in Africa, I've always wanted to travel there.",That sounds like an incredible adventure! Which country or national park are you considering?,old,general,['positive']
"I always get travel insurance before going on a trip, because I like feeling reassured.",That's a smart decision. Travel insurance can provide peace of mind and protect you from unexpected situations. Do you have any particular company you recommend?,old,general,['positive']
I got upgraded to first class on my flight!,"Wow, that's fantastic! First class offers a luxurious and comfortable flying experience. How was it?",old,general,['positive']
"Yesterday, I went hiking with my friends in the mountains, it was great.",That sounds like a great adventure! I hope you enjoyed the beautiful views and had a fantastic time.,old,general,['positive']
"I recently adopted a rescue dog from the local shelter, he's so cute!",That's wonderful! Rescue dogs can bring so much love and joy to our lives. I'm sure you and your new furry friend will have many great adventures together.,old,general,['positive']
"This morning, I accidentally spilled coffee on my laptop, total nightmare.","Oh no, that's unfortunate! Make sure to turn off your laptop and let it dry. You may need to clean it or have it checked by a professional if the liquid caused any damage.",old,general,['negative']
"Last night, I attended a live concert by my favorite band and it was awesome",That's amazing! There's something special about experiencing live music. I'm sure the concert was unforgettable and filled with incredible energy.,old,general,['positive']
"I recently started learning how to play the piano, it's been great for my mind.",That's fantastic! Learning a musical instrument can be challenging but also incredibly rewarding. I hope you enjoy the process and become a skilled pianist.,old,general,['positive']
"Yesterday, I cooked a delicious homemade meal for my family that they loved",That's wonderful! There's nothing quite like a home-cooked meal made with love. I'm sure your family appreciated your effort and enjoyed every bite.,old,general,['positive']
I recently finished reading a captivating book that I couldn't put down.,That's fantastic! It's always a joy to discover a book that captivates us from start to finish. I'm glad you found such an engrossing read.,old,general,['positive']
"Last weekend, I took a road trip to visit my grandparents in another state and had the best time.",That sounds like a wonderful trip! How was the drive there and back?,old,general,['positive']
"Yesterday, I watched a heartwarming movie that brought joyful tears to my eyes.",I love movies that evoke strong emotions! It's beautiful how a well-told story can touch our hearts. I'm glad you had a moving experience.,old,general,['positive']
I recently finished a challenging puzzle that I had been working on for weeks and I'm feeling so motivated.,Congratulations on completing the puzzle! It takes patience and focus to solve a challenging one. I'm sure it was satisfying to see all the pieces come together.,old,general,['positive']
I recently started learning how to play the guitar.,That's awesome! How's your progress so far?,old,general,"['positive', 'neutral']"
I had the most amazing vacation in Bali.,"Wow, Bali must be a beautiful place! What were some highlights of your trip?",old,general,['positive']
I adopted a rescue dog last month and it's been great.,That's wonderful! What's your new furry friend's name?,old,general,['positive']
I recently got promoted at work.,Congratulations on your promotion! What new responsibilities do you have now?,old,general,['positive']
I baked my first cake from scratch yesterday I'm so happy,That's impressive! How did it turn out? Did you enjoy the process?,old,general,['positive']
"I achieved a lifelong goal last week and went skydiving for the first time, it was incredible","Oh wow, that's quite an adrenaline rush! How did you feel during the freefall?",old,general,['positive']
I recently started practicing yoga and I have felt so relaxed.,That's great to hear! How did you get started with yoga?,old,general,['positive']
I visited my grandparents in their beautiful home in the countryside last month.,That must have been a peaceful and nostalgic visit. Did you enjoy spending time with them?,old,general,['positive']
I recently started taking painting lessons and they have been so therapeutic.,That's fantastic! What kind of paintings are you working on? Any favorite techniques?,old,general,['positive']
I've been feeling really overwhelmed lately.,Take some time for yourself and try to relax. It's important to prioritize self-care.,old,general,['negative']
I'm struggling to meet deadlines at work. I'm so stressed,"Maybe you can break down the tasks into smaller, manageable chunks. Don't hesitate to ask for help if you need it.",old,general,['negative']
"I feel like I'm not making any progress in my personal goals, ugh!",Remember that progress takes time and small steps are still steps forward. Keep pushing yourself and believe in your abilities.,old,general,['negative']
I'm finding it so difficult to balance my work and personal life.,"Finding balance can be challenging, but it's important to set boundaries and prioritize what's truly important to you. Take small breaks throughout the day to recharge.",old,general,['negative']
I'm feeling really anxious about next week's presentation.,Feeling anxious before a presentation is normal. Practice your presentation multiple times and visualize success. Take deep breaths and remember that you've prepared well.,old,general,['negative']
I'm really struggling to maintain a healthy lifestyle.,"Start small by incorporating one healthy habit at a time. Make sure to prioritize sleep, exercise regularly, and eat nutritious meals. Remember that progress is a journey.",old,general,['negative']
I'm feeling overwhelmed by financial responsibilities.,Consider creating a budget and tracking your expenses. Look for ways to save money and explore resources for financial assistance if needed. Remember that seeking guidance from a financial advisor can also be helpful.,old,general,['negative']
I'm having trouble staying motivated to exercise regularly.,Try finding an exercise routine that you enjoy and make it a habit by scheduling it in your calendar. Find an exercise buddy or join a fitness community for added motivation and support.,old,general,['negative']
I'm struggling with self-doubt and lack of confidence.,Remember that everyone experiences self-doubt at times. Focus on your strengths and accomplishments. Surround yourself with positive and supportive people who believe in you.,old,general,['negative']
I'm finding it hard to stay focused and productive.,Create a daily to-do list and prioritize tasks. Minimize distractions and set specific goals to stay focused. Take short breaks to refresh your mind and avoid burnout.,old,general,['negative']
I just had a big argument with my best friend it was horrible.,I'm sorry to hear that. Friendships can be complicated sometimes. Do you want to talk about it?,old,general,['negative']
"I finally finished reading that book you recommended, I loved it. Thank you so much",That's great! What did you think of it?,old,general,['positive']
I'm feeling really stressed out with all these deadlines.,I understand how overwhelming that can be. Take a deep breath and try to tackle one task at a time.,old,general,['negative']
I just adopted a new puppy! So happy!,That's wonderful news! Puppies are so much fun and bring so much joy. What's the little one's name?,old,general,['positive']
I'm going through a really tough breakup.,I'm really sorry to hear that. Breakups can be really difficult. Do you want to talk about it?,old,general,['negative']
I just found out I won a scholarship!,That's amazing! Congratulations on your achievement. What is it for?,old,general,['positive']
I'm feeling really tired lately and it's been so hard to concentrate.,It sounds like you need some rest. Make sure to take some time for yourself and get enough sleep.,old,general,['negative']
I just had a great workout at the gym.,That's fantastic! Exercise is so important for our physical and mental well-being. Keep up the good work!,old,general,['positive']
I'm really excited about my upcoming vacation.,That's wonderful! Vacations are a great opportunity to relax and recharge. Where are you planning to go?,old,general,['positive']
"I just finished knitting a cozy blanket for my living room, I loved it.",That's impressive! I bet it adds a touch of warmth to your space.,old,general,['positive']
I'm feeling great about starting a DIY project to make a wooden bookshelf.,That sounds like a fun and practical project! Have you worked with wood before?,old,general,['positive']
I recently learned how to crochet and made a cute hat for my niece that she loved.,How thoughtful! I'm sure your niece will love the personalized hat.,old,general,['positive']
I'm planning to repurpose old wine bottles into decorative vases. I love sustainable art.,That's a great idea! It's always satisfying to give new life to old items.,old,general,['positive']
"I'm trying my hand at origami and made a paper crane yesterday, it's been so awesome.",That's wonderful! Origami can be challenging but very rewarding. Do you have any specific designs in mind?,old,general,['positive']
I've been practicing calligraphy and just finished writing a beautiful quote.,That's impressive! Calligraphy is such a beautiful art form. What quote did you choose?,old,general,['positive']
I'm in the process of making a homemade scented candle with lavender and vanilla.,That sounds amazing! The aroma of lavender and vanilla must be delightful. How did you learn to make candles?,old,general,"['positive', 'neutral']"
I'm starting a DIY project to create a mosaic tabletop for my patio.,That's a fantastic idea! Mosaic art can add a unique touch to any space. What materials will you be using?,old,general,"['positive', 'neutral']"
I enjoy making handmade greeting cards for special occasions.,That's so thoughtful! Handmade cards are always cherished. What techniques do you use to make them?,old,general,['positive']
I'm learning to sew and just finished making a cute stuffed animal for my child.,That's adorable! Handmade stuffed animals are so special. What inspired you to start sewing?,old,general,['positive']
I just bought a new car!,Congratulations on your new purchase! What kind of car did you get?,old,general,['positive']
I had a flat tire on my way to work this morning.,That's unfortunate. Did you manage to change the tire or did you need assistance?,old,general,['negative']
I'm planning a road trip across the country.,That sounds like an amazing adventure! Have you planned your stops and destinations?,old,general,"['positive', 'neutral']"
I got stuck in traffic for hours today.,"Oh no, traffic can be so frustrating. How did you pass the time while waiting?",old,general,['negative']
I'm thinking about buying an electric car and I'm feeling excited.,That's a fantastic choice! Electric cars are not only environmentally friendly but also cost-effective in the long run.,old,general,['positive']
I accidentally locked my keys in the car.,"Oh no, that's a common mistake. Did you manage to find a way to unlock the car?",old,general,['negative']
I went on a test drive and fell in love with a sports car.,That's exciting! Sports cars can be a lot of fun to drive. Did you get any information about pricing and financing options?,old,general,['positive']
"I had to get my car serviced this morning because it was making weird noises, so stressful.",It's always a good idea to get those noises checked out. Did the mechanic find the source of the problem?,old,general,['negative']
I got rear-ended in a minor car accident.,I'm sorry to hear that. Are you okay? Did you exchange insurance information with the other driver?,old,general,['negative']
I adopted a rescue dog from the shelter and she's been great.,That's wonderful! How is your new furry friend settling in?,old,general,['positive']
My cat knocked over my favorite vase and completely broke it.,Oh no! I hope nothing got damaged. Cats can be quite mischievous sometimes.,old,general,['negative']
I took my dog to the park and she made new friends.,That sounds like a lot of fun! It's great that your dog gets along well with others.,old,general,['positive']
My pet lizard escaped from its terrarium yesterday.,Oh wow! I hope you find it soon. Lizards can be quite good at hiding.,old,general,['negative']
My hamster learned a new trick.,That's amazing! What trick did your little furry friend learn?,old,general,['positive']
I accidentally spilled fish food all over the aquarium.,Oops! I hope it didn't cause any harm to the fish. It happens to the best of us.,old,general,['negative']
"My pet bird can mimic my voice, it's so funny.",That's incredible! It must be so entertaining to hear your bird mimic your voice.,old,general,['positive']
I accidentally stepped on my dog's tail and he's in pain.,"Oh no! I hope your dog is okay. Accidents happen, and I'm sure your furry friend forgave you.",old,general,['negative']
My pet rabbit loves to hop around in the yard.,That sounds adorable! I bet your rabbit enjoys exploring the outdoors.,old,general,['positive']
I found a lost dog and returned it to its owner.,That's amazing! You did a great thing by helping the lost dog find its way back home.,old,general,['positive']
"I can't believe how warm it is today, it's great!","I know, right? It feels like we're in the middle of summer already.",old,general,['positive']
The weather forecast unfortunately says it's going to rain all day tomorrow.,"Oh no, that's a bummer. I had plans for an outdoor picnic.",old,general,['negative']
"I can't wait for the leaves to change colors in the fall, it's my favorite time.",Me too! The autumn foliage is always so beautiful. What else do you like to do in fall?,old,general,['positive']
I love the smell of fresh flowers in the springtime.,Same here! It's such a refreshing scent after a long winter.,old,general,['positive']
It's windy outside today,"I know, right? I nearly got blown away when I went out earlier.",old,general,['neutral']
I can't stand the humidity in the summer.,Tell me about it! It's like walking through a sauna every time you step outside.,old,general,['negative']
"I wish it would have snowed more during this winter, it went by so quickly.",I'm with you on that! Snow always makes everything look so magical. I'm sad we missed it,old,general,['negative']
I'm tired of the constant rain lately.,I feel you. It's been raining non-stop for days now.,old,general,['negative']
The weather is perfect for our beach day.,Absolutely! I can't wait to soak up the sun and have a swim. Where do you want to go?,old,general,['positive']
I love finding great deals online.,Me too! It's so satisfying to get a good bargain.,old,general,['positive']
I always get overwhelmed by the endless options when shopping online.,I totally understand. It can be hard to choose sometimes.,old,general,"['neutral', 'negative']"
I had a terrible experience with an online order. The package never arrived.,"Oh no, that's disappointing. Did you reach out to the customer support?",old,general,['negative']
I'm addicted to online shopping. It's become a problem.,It's important to find a balance. Have you considered setting a budget or taking breaks from shopping?,old,general,['negative']
I received a wrong item in my online order.,That's frustrating. Contact the customer support and they should be able to help you with a replacement or refund.,old,general,['negative']
I always check product reviews before making an online purchase.,That's a smart move! It helps to make informed decisions and avoid potential issues.,old,general,['neutral']
I find it difficult to shop for clothes online because I can't try them on.,I completely understand. It's always tricky without trying them on. Look for online stores with flexible return policies to ease the process.,old,general,"['neutral', 'negative']"
I always get excited when my online order arrives.,It's like receiving a present! Enjoy your new purchase.,old,general,['positive']
I prefer shopping in physical stores because I like the in-person experience.,That's valid. Sometimes it's nice to see and feel the products before buying.,old,general,"['positive', 'neutral']"
I'm always worried about my credit card information being compromised while shopping online.,It's understandable to have concerns. Make sure to shop from reputable websites and use secure payment methods to protect your information.,old,general,"['neutral', 'negative']"
I made a mistake at work and my boss got angry.,It's normal to make mistakes sometimes. Learn from it and try to do better next time.,old,general,['negative']
I failed my driving test for the third time.,I'm sorry to hear that. Please don't be discouraged. Keep practicing and you'll pass eventually.,old,general,['negative']
I started a new hobby and I'm really enjoying it.,That's wonderful! Hobbies are a great way to relax and explore your interests.,old,general,['positive']
I received constructive criticism on my project.,"Ah, getting feedback is pretty valuable for growth. Use it to improve your work.",old,general,['positive']
I lost my job unexpectedly.,I'm sorry to hear that. Take some time to reassess your goals and explore new opportunities.,old,general,['negative']
I achieved a personal goal I set for myself.,Congratulations! It's important to celebrate your accomplishments. What's the next goal you're working towards?,old,general,['positive']
I had a disagreement with a close friend.,Disagreements happen in relationships. Try to communicate openly and find a resolution.,old,general,['negative']
I learned a valuable lesson from a failed business venture.,Failures can teach us important lessons. Take those lessons and apply them to your future endeavors.,old,general,['positive']
I had a life-changing experience while traveling.,Travel often brings new perspectives and experiences. Cherish those memories and let them shape you.,old,general,['positive']
I overcame a fear that I had for years.,That's amazing! Facing fears can be challenging but rewarding. What other fears do you want to conquer?,old,general,['positive']
